Nome;E-mail;Data de Aniversário
Nome do Aniversariante 1;NomedoAniversariante1@gmail.com;26/mar
Nome do Aniversariante 2;NomedoAniversariante2@gmail.com;21/set
Nome do Aniversariante 3;NomedoAniversariante3@gmail.com;21/jan
Nome do Aniversariante 4;NomedoAniversariante4@gmail.com;20/mar
Nome do Aniversariante 5;NomedoAniversariante5@gmail.com;06/jun
Nome do Aniversariante 6;NomedoAniversariante6@gmail.com;25/jun
Nome do Aniversariante 7;NomedoAniversariante7@gmail.com;30/nov
Nome do Aniversariante 8;NomedoAniversariante8@gmail.com;02/out
Nome do Aniversariante 9;NomedoAniversariante9@gmail.com;26/jan
Nome do Aniversariante 10;NomedoAniversariante10@gmail.com;23/dez
Nome do Aniversariante 11;NomedoAniversariante11@gmail.com;06/ago
Nome do Aniversariante 12;NomedoAniversariante12@gmail.com;21/abr
Nome do Aniversariante 13;NomedoAniversariante13@gmail.com;22/abr
Nome do Aniversariante 14;NomedoAniversariante14@gmail.com;14/set
Nome do Aniversariante 15;NomedoAniversariante15@gmail.com;26/out
Nome do Aniversariante 16;NomedoAniversariante16@gmail.com;26/jan
Nome do Aniversariante 17;NomedoAniversariante17@gmail.com;25/abr
Nome do Aniversariante 18;NomedoAniversariante18@gmail.com;28/nov
Nome do Aniversariante 19;NomedoAniversariante19@gmail.com;09/dez
Nome do Aniversariante 20;NomedoAniversariante20@gmail.com;02/mai
Nome do Aniversariante 21;NomedoAniversariante21@gmail.com;29/mar
Nome do Aniversariante 22;NomedoAniversariante22@gmail.com;04/set
Nome do Aniversariante 23;NomedoAniversariante23@gmail.com;25/set
Nome do Aniversariante 24;NomedoAniversariante24@gmail.com;11/jul
Nome do Aniversariante 25;NomedoAniversariante25@gmail.com;21/mar
Nome do Aniversariante 26;NomedoAniversariante26@gmail.com;14/out
Nome do Aniversariante 27;NomedoAniversariante27@gmail.com;28/mai
Nome do Aniversariante 28;NomedoAniversariante28@gmail.com;10/nov
Nome do Aniversariante 29;NomedoAniversariante29@gmail.com;04/fev
Nome do Aniversariante 30;NomedoAniversariante30@gmail.com;22/abr
Nome do Aniversariante 31;NomedoAniversariante31@gmail.com;31/jan
Nome do Aniversariante 32;NomedoAniversariante32@gmail.com;22/dez
Nome do Aniversariante 33;NomedoAniversariante33@gmail.com;05/mai
Nome do Aniversariante 34;NomedoAniversariante34@gmail.com;07/jun
Nome do Aniversariante 35;NomedoAniversariante35@gmail.com;28/jul
Nome do Aniversariante 36;NomedoAniversariante36@gmail.com;01/mar
Nome do Aniversariante 37;NomedoAniversariante37@gmail.com;21/mar
Nome do Aniversariante 38;NomedoAniversariante38@gmail.com;03/jul
Nome do Aniversariante 39;NomedoAniversariante39@gmail.com;05/out
Nome do Aniversariante 40;NomedoAniversariante40@gmail.com;28/mar
Nome do Aniversariante 41;NomedoAniversariante41@gmail.com;22/fev
Nome do Aniversariante 42;NomedoAniversariante42@gmail.com;22/abr
Nome do Aniversariante 43;NomedoAniversariante43@gmail.com;05/jan
Nome do Aniversariante 44;NomedoAniversariante44@gmail.com;02/set
Nome do Aniversariante 45;NomedoAniversariante45@gmail.com;01/mai
Nome do Aniversariante 46;NomedoAniversariante46@gmail.com;16/dez
Nome do Aniversariante 47;NomedoAniversariante47@gmail.com;26/nov
Nome do Aniversariante 48;NomedoAniversariante48@gmail.com;20/mar
Nome do Aniversariante 49;NomedoAniversariante49@gmail.com;03/jul
Nome do Aniversariante 50;NomedoAniversariante50@gmail.com;06/jan
Nome do Aniversariante 51;NomedoAniversariante51@gmail.com;10/jun
Nome do Aniversariante 52;NomedoAniversariante52@gmail.com;18/fev
Nome do Aniversariante 53;NomedoAniversariante53@gmail.com;26/jun
Nome do Aniversariante 54;NomedoAniversariante54@gmail.com;04/jun
Nome do Aniversariante 55;NomedoAniversariante55@gmail.com;18/mai
Nome do Aniversariante 56;NomedoAniversariante56@gmail.com;28/dez
Nome do Aniversariante 57;NomedoAniversariante57@gmail.com;27/out
Nome do Aniversariante 58;NomedoAniversariante58@gmail.com;31/jul
Nome do Aniversariante 59;NomedoAniversariante59@gmail.com;21/ago
Nome do Aniversariante 60;NomedoAniversariante60@gmail.com;02/jul
Nome do Aniversariante 61;NomedoAniversariante61@gmail.com;30/dez
Nome do Aniversariante 62;NomedoAniversariante62@gmail.com;29/abr
Nome do Aniversariante 63;NomedoAniversariante63@gmail.com;02/mai
Nome do Aniversariante 64;NomedoAniversariante64@gmail.com;18/jan
Nome do Aniversariante 65;NomedoAniversariante65@gmail.com;02/fev
Nome do Aniversariante 66;NomedoAniversariante66@gmail.com;15/jun
Nome do Aniversariante 67;NomedoAniversariante67@gmail.com;02/jan
Nome do Aniversariante 68;NomedoAniversariante68@gmail.com;26/nov
Nome do Aniversariante 69;NomedoAniversariante69@gmail.com;27/mai
Nome do Aniversariante 70;NomedoAniversariante70@gmail.com;12/mai
Nome do Aniversariante 71;NomedoAniversariante71@gmail.com;04/fev
Nome do Aniversariante 72;NomedoAniversariante72@gmail.com;25/dez
Nome do Aniversariante 73;NomedoAniversariante73@gmail.com;27/jun
Nome do Aniversariante 74;NomedoAniversariante74@gmail.com;29/mai
Nome do Aniversariante 75;NomedoAniversariante75@gmail.com;02/jun
Nome do Aniversariante 76;NomedoAniversariante76@gmail.com;14/dez
Nome do Aniversariante 77;NomedoAniversariante77@gmail.com;11/jul
Nome do Aniversariante 78;NomedoAniversariante78@gmail.com;14/jul
Nome do Aniversariante 79;NomedoAniversariante79@gmail.com;19/jul
Nome do Aniversariante 80;NomedoAniversariante80@gmail.com;17/dez
Nome do Aniversariante 81;NomedoAniversariante81@gmail.com;02/dez
Nome do Aniversariante 82;NomedoAniversariante82@gmail.com;29/mar
Nome do Aniversariante 83;NomedoAniversariante83@gmail.com;13/jun
Nome do Aniversariante 84;NomedoAniversariante84@gmail.com;26/jan
Nome do Aniversariante 85;NomedoAniversariante85@gmail.com;02/jan
Nome do Aniversariante 86;NomedoAniversariante86@gmail.com;07/nov
Nome do Aniversariante 87;NomedoAniversariante87@gmail.com;26/jun
Nome do Aniversariante 88;NomedoAniversariante88@gmail.com;09/mar
Nome do Aniversariante 89;NomedoAniversariante89@gmail.com;14/out
Nome do Aniversariante 90;NomedoAniversariante90@gmail.com;12/jul
Nome do Aniversariante 91;NomedoAniversariante91@gmail.com;28/jul
Nome do Aniversariante 92;NomedoAniversariante92@gmail.com;05/fev
Nome do Aniversariante 93;NomedoAniversariante93@gmail.com;09/jun
Nome do Aniversariante 94;NomedoAniversariante94@gmail.com;15/fev
Nome do Aniversariante 95;NomedoAniversariante95@gmail.com;02/out
Nome do Aniversariante 96;NomedoAniversariante96@gmail.com;17/fev
Nome do Aniversariante 97;NomedoAniversariante97@gmail.com;25/mar
Nome do Aniversariante 98;NomedoAniversariante98@gmail.com;07/jan
Nome do Aniversariante 99;NomedoAniversariante99@gmail.com;20/abr
Nome do Aniversariante 100;NomedoAniversariante100@gmail.com;26/ago
Nome do Aniversariante 101;NomedoAniversariante101@gmail.com;19/mai
Nome do Aniversariante 102;NomedoAniversariante102@gmail.com;04/nov
Nome do Aniversariante 103;NomedoAniversariante103@gmail.com;31/jul
Nome do Aniversariante 104;NomedoAniversariante104@gmail.com;01/mai
Nome do Aniversariante 105;NomedoAniversariante105@gmail.com;06/jan
Nome do Aniversariante 106;NomedoAniversariante106@gmail.com;21/jan
Nome do Aniversariante 107;NomedoAniversariante107@gmail.com;07/jun
Nome do Aniversariante 108;NomedoAniversariante108@gmail.com;23/mai
Nome do Aniversariante 109;NomedoAniversariante109@gmail.com;10/mar
Nome do Aniversariante 110;NomedoAniversariante110@gmail.com;05/abr
Nome do Aniversariante 111;NomedoAniversariante111@gmail.com;07/jul
Nome do Aniversariante 112;NomedoAniversariante112@gmail.com;12/mai
Nome do Aniversariante 113;NomedoAniversariante113@gmail.com;27/mai
Nome do Aniversariante 114;NomedoAniversariante114@gmail.com;01/dez
Nome do Aniversariante 115;NomedoAniversariante115@gmail.com;10/jan
Nome do Aniversariante 116;NomedoAniversariante116@gmail.com;27/mai
Nome do Aniversariante 117;NomedoAniversariante117@gmail.com;07/nov
Nome do Aniversariante 118;NomedoAniversariante118@gmail.com;25/out
Nome do Aniversariante 119;NomedoAniversariante119@gmail.com;03/abr
Nome do Aniversariante 120;NomedoAniversariante120@gmail.com;04/jun
Nome do Aniversariante 121;NomedoAniversariante121@gmail.com;16/dez
Nome do Aniversariante 122;NomedoAniversariante122@gmail.com;08/mai
Nome do Aniversariante 123;NomedoAniversariante123@gmail.com;16/jan
Nome do Aniversariante 124;NomedoAniversariante124@gmail.com;26/dez
Nome do Aniversariante 125;NomedoAniversariante125@gmail.com;24/jun
Nome do Aniversariante 126;NomedoAniversariante126@gmail.com;12/nov
Nome do Aniversariante 127;NomedoAniversariante127@gmail.com;04/out
Nome do Aniversariante 128;NomedoAniversariante128@gmail.com;06/ago
Nome do Aniversariante 129;NomedoAniversariante129@gmail.com;21/mai
Nome do Aniversariante 130;NomedoAniversariante130@gmail.com;24/abr
